idx,value
37,0.6033333333333333
60,0.6558571428571428
79,0.62095
167,0.6317428571428572
217,0.6227307692307691
237,0.6543214285714285
306,0.6210857142857141
351,0.6037692307692307
430,0.6278928571428571
617,0.63
681,0.6185333333333334
723,0.5997999999999999
762,0.6174193548387096
784,0.6019677419354841
