idx;value
6;0.026223912044984626
23;0.02828504160055593
26;0.02944665350512457
