idx;value
4;1.924841112765807
20;0.18570007151093745
30;2.2318321565131933
