idx,value
53,0.6087741935483872
141,0.6133478260869566
143,0.6182820512820512
238,0.6664857142857142
263,0.6260999999999999
303,0.6401282051282053
327,0.5935625000000001
423,0.6573333333333333
467,0.6196923076923077
471,0.6362272727272728
546,0.5942553191489361
548,0.6609999999999998
559,0.6295384615384616
597,0.6014878048780486
669,0.6047272727272727
708,0.6005094339622641
795,0.6128055555555557
804,0.63409375
821,0.6309090909090911
