idx;value
24;0.2795568810645691
25;0.017811693758706504
