idx,value
1451,0.7726000000000001
1491,0.771375
1771,0.8116250000000002
