idx;value
0;0.4209556313993173
1;0.5546979865771813
3;0.5992176870748298
60;0.7587755102040816
80;0.769455782312925
90;0.7642320819112629
