idx;value
21;0.0003333333333333334
49;0.0007500000000000001
59;0.0008333333333333335
83;0.0009200000000000002
95;0.0008148148148148152
