idx;value
3;0.010540114603314613
11;0.01977799425173209
16;0.012205786560450134
41;0.02444707611203013
49;0.02122471345791151
70;0.020955497639482776
83;0.021619489375554333
85;0.011755428853391632
