idx;value
0;0.042095563139931735
1;0.05546979865771811
60;0.07636734693877559
69;0.08239932885906044
80;0.07773129251700686
81;0.07932653061224487
90;0.07761774744027304
98;0.08238255033557051
