idx;value
0;0.4426081467944977
1;0.5493368220683842
3;0.518846062155753
40;0.8014118399786031
73;0.8732489761183841
83;0.8998821190446469
